profile_id,full_name,phone
14,Manisha Yadav,9867845182
1,Anusha Pariti,8105987404
8,Tushar Kapoor,8926537154
3,Bhaskar Maheshwari,9801834992
18,Prabhjot Gill,9800786688
11,Deepa Sudhakar,7896785432
5,Tanvi Mann,9178352769
6,Harish Sahai,9876548763
7,Kamal Gera,8105987404
9,Shivshankar Das,9801834992
10,Aditi Jain,9873123456
4,Garima Yadav,81059237004
2,Ashish Singh,9876890463
12,Umang Parejiya,7896543674
13,Mitali Gupta,8796751238
19,Ankita Sharma,9988789656
20,Karan Singh,8976665768
15,Shivani Godha,9878673428
16,Rajan Pandey,8987647811
17,Roosena Manuel,9875623345
